Year,Competition,Location,Gender,Athlete,Split 1,Split 2,Split 3,Split 4,Split 5,Split 6,Split 7,Total Time,Rank,Final Rank
2026,AO,Penrith,W,FOX Noemie,8.159501134,3.839798866,11.35958889,16.03874444,11.75967778,7.169911111,7.329211111,65.65643333,5,
2026,AO,Penrith,W,ZWOLINSKA Klaudia,8.249206349,3.589810204,10.98947778,23.53927778,10.98993333,7.388911111,8.268811111,73.01542766,14,
2026,AO,Penrith,W,BEKOVA Katerina,7.939773243,3.549972336,11.15871111,14.34961111,11.67981111,7.959830839,7.259070295,63.89678005,3,
2026,AO,Penrith,W,O'CALLAGHAN Georgie,8.009478458,4.269553515,11.26911111,14.55971111,15.46883333,9.749321542,70.11,70.11,11,
2026,AO,Penrith,W,KNEBLOVA Tereza,8.159492517,3.539766667,10.16961111,14.33647778,11.01992222,7.599911111,7.089266667,61.91444807,1,